first_name,last_name,address,email,age,company
Tiffany Ingram,Natasha Fisher,864 Matthews Field,apoole@bennett.com,19,"Norman, Wilson and Peters"
John Glenn,Jacob Richards,477 Amy Loop Apt. 066,jeffrey39@gardner-gonzalez.com,21,"Ortiz, Ramirez and Bennett"
Jerome Key,Maria Mitchell,88995 Park Station,norrisgrace@neal.org,18,"Adams, Kim and Brown"
Jennifer Diaz,Ashley Johnson,5783 Brittney Orchard Suite 984,robertfuentes@gomez.com,65,Nguyen LLC
Amanda Mason,Elizabeth Robinson,387 Melissa Mount Apt. 681,vickiwright@yahoo.com,86,"Johnson, Poole and Camacho"
Julie Nicholson,Jessica Nelson,554 Pham View,elizabethholmes@rangel-watson.com,65,Lopez Inc
Kaitlyn Patterson,Eugene Smith,78390 Marissa Curve,chapmanchristian@yahoo.com,59,Bryant-Gay
Denise Scott,Kim Rhodes,3761 Matthew Run Suite 662,olee@yahoo.com,34,Jones-Nelson
James Jackson,John Wilson,29250 Thomas Island Apt. 694,jnichols@gmail.com,14,Wood-Lara
Ian Moore,Diane Gray,764 George Valley Apt. 403,cobbrobert@hotmail.com,30,Barnett Ltd
Dalton Mendoza,Sandra Chapman,23302 Terri Row Apt. 394,alexis78@yahoo.com,68,"Singh, Morgan and Lewis"
Danielle Vazquez,Carol Riley,811 Williams Park Apt. 978,zwilliams@meadows-torres.com,74,"Martinez, Perez and Garcia"
Johnathan Schneider,Casey Bond,5934 Bruce Crescent Suite 212,henry41@hotmail.com,12,"Bentley, Robinson and Harris"
Mr. Mark Ortiz,Jennifer Hernandez,8729 Charlene Burgs,nicoleallen@hotmail.com,47,English-Taylor
Jessica Riley,Steven Warner,29501 Smith Circles,oliviaortiz@stevens-fernandez.biz,91,"Murray, Delgado and Taylor"
Kevin James,Amy Curtis,52444 Johnson Alley,jwalker@pratt-palmer.com,35,"Nolan, Mccormick and May"
William Ross,Kevin Roy,928 Russo Lodge,tiffany76@yahoo.com,84,Jimenez-Miller
Ms. Stephanie Riley,Amy Bell,37985 Walters Course Suite 010,susan71@hotmail.com,21,Mathis-Warner
Melissa Morgan,Brandon Perez,855 Tyler Stream Apt. 333,lawrencemark@yahoo.com,46,Frank-Sanford
Melissa Simmons,Nancy Rivera,8016 Gabriella Springs,zfinley@hall-larson.org,70,Cortez-Peterson
Dr. Rebecca Shaffer,Robert Bennett,409 Michelle Shoals,jasmine53@hotmail.com,72,Chapman Ltd
David Woods,Emily Taylor,477 Santos Hills,brianduke@hotmail.com,12,"Ramirez, Page and Mueller"
Jill Landry,Taylor Patterson,370 Thomas Brooks Suite 054,fbaker@yahoo.com,58,"Perez, Nelson and Mcdaniel"
Christopher Oliver,Kimberly Miller,169 Robert Garden,osims@jackson.com,82,Norman and Sons
Jillian Larson,Jennifer Bradley,114 Brenda Coves,kelly20@harrell.info,18,"Lopez, Watson and Jackson"
Ronald Cooper,Jose Weiss,5052 Joshua Wells Suite 034,jessicahernandez@zimmerman.com,11,Cole-Clark
Tim Hardin,Melissa Hardin,883 Nathaniel Road,douglas40@warren.com,25,Matthews-Reed
Lauren Schroeder,Samantha Tran,95430 William Tunnel Apt. 627,criley@yahoo.com,26,Gilbert Ltd
Daniel Taylor,Jason Contreras,4474 Cynthia Tunnel Apt. 009,smithsandra@chapman.com,16,Hodges Ltd
Brenda Walter,Eric Anderson,41584 Foster Turnpike Apt. 949,dwashington@yahoo.com,88,"Hart, Gonzalez and Boyle"
Bryan Evans,Bonnie Campbell,73587 Sandra Lodge Suite 349,pachecoelizabeth@gmail.com,88,"Wilkerson, Dalton and Green"
Tiffany Bowen,Ryan Harrison,676 Sean Ferry,brandi37@rowe-scott.com,67,Mathews Group
Beverly Johnson,Patricia Bradford,0416 Patty Bridge Apt. 431,schmidtjames@perez-wagner.com,48,Evans-Munoz
Aaron Wilson,Charlene Jackson,62722 Ariel Light,billyfrazier@gmail.com,12,"Shaw, Barnes and Buchanan"
Stefanie Prince MD,Jeffrey Nichols,5500 Paul Courts,edward80@henderson.biz,60,"Martinez, Melendez and Barrett"
Christopher Parks,Mrs. Virginia Bailey,63574 Wheeler Mountain,jasminehaley@hotmail.com,82,Simmons Inc
Christine Cole,Peter Becker,0766 Best Mills,sharpjeffrey@yahoo.com,79,Thornton and Sons
Desiree Mueller,Julie Lynch,206 Cortez Spring Apt. 966,iscott@cooper-lara.com,50,Barnes-Smith
Robin Edwards,Theresa Fernandez,05739 Jensen Ranch Suite 650,amurphy@keller.com,90,"Jacobs, Brennan and Park"
Michelle Wagner,Victoria Smith,0445 Jermaine Manors Suite 065,bkirby@stone.biz,97,Richardson-Horne
Jordan Phelps,Terry Garza,463 Guerrero Junction,amandastewart@gmail.com,91,Dunn-Rodriguez
Joseph Todd,Shane Alvarez,5376 Frank Causeway,mark76@thomas.info,87,"Johnson, York and Powell"
Ashley Allison,Kevin Edwards,09811 Donald Locks Apt. 762,otaylor@james.com,54,"Coleman, Campbell and Rodriguez"
Kimberly Allen,Jody Yang,40113 Suzanne Cape Apt. 744,cynthia49@hotmail.com,40,Santana-Stewart
Eric Santiago,Linda Benitez,13477 Joshua Spurs Apt. 805,michaelhopkins@miller.com,15,Butler Group
Lauren Cobb,Kevin King,845 Casey Dam,mgarcia@martinez-anderson.net,76,Rodriguez Group
Mrs. Sandra Clark,Caroline Mason,06811 Brandon Plains,matkins@brooks-baker.com,46,Greene-Humphrey
Kelsey Bennett,Jessica Brooks,773 Campos Drives Apt. 103,zperez@gmail.com,44,Rollins-Gutierrez
Alexandra Frank,William Abbott,219 Gray Lake,jonesdanielle@rojas.com,31,"Ross, Bartlett and Cross"
Barry Flynn,Gabrielle Gould,161 Alexander Bypass,jamesguzman@berger.com,70,"Hall, Jackson and Ford"
Gerald Price,William Hall,50700 Evans Gateway Suite 357,fergusonmichael@yahoo.com,98,"Haynes, Swanson and Miranda"
Courtney Ramirez,Jason Rangel,741 Stephen Light Suite 598,leeray@butler-rice.com,37,Jones-Chandler
Joseph Blevins,Linda Ruiz,3440 Daniels Fork,barrypatrick@bauer-tran.net,40,Jackson-Jones
Kenneth Brown,Gregory Thompson,6601 Mclaughlin Rue,byrdronald@hotmail.com,18,Reid-Lopez
Diana Thomas,Caleb Lewis,729 Bishop Meadows Suite 147,justinwalters@ross-morgan.com,36,"Bell, Nguyen and Austin"
Laura Taylor,Erin Hansen,82918 Anne Crest,denisewatkins@moore.com,37,"Simmons, Brooks and Gonzalez"
Melissa Rojas,David Gutierrez,63740 Ashlee Village Suite 657,tjoseph@smith.net,51,Oneill-Rowland
Kenneth Campbell,Ashley Mullen,934 Best Divide Suite 566,usaunders@hotmail.com,13,Gonzalez-Roberts
Anthony Chavez,Vanessa Le,867 Heather Wall,johnathangeorge@gmail.com,80,Brown-Phillips
Joseph Hunt,Tricia Nelson,88113 Michael Knolls Apt. 674,nguyenthomas@gmail.com,46,Smith LLC
Sean Wolf,Rhonda Collins,546 Nicholas Curve,qbass@hernandez.com,20,Allen-Riddle
Kenneth Gill,Ashley Obrien,12139 Ann Parkway,brian18@mcclure.org,90,Mills-Hays
William Roberts,Charles Murphy,51811 Jeffrey Fort Apt. 478,james58@vazquez.org,44,Ballard PLC
Wesley Guerra,Danielle Robinson MD,84766 Rodriguez Falls,gonzalezdaniel@yahoo.com,75,Adams-Wong
Deborah Gonzalez,Sandra Edwards,68461 Bowen Garden,ecook@hotmail.com,62,Warren Ltd
Belinda Middleton,Catherine Sharp,0550 Dunn Walk,esteele@sandoval.com,47,"Mitchell, Wilson and Chan"
Eric Perez,Kyle Martinez,26918 Williamson Fall Apt. 560,gmoreno@townsend.biz,30,Edwards PLC
Amanda Miller,Dominic Garcia,8054 Michael Glen,cochrancheryl@parks-lucas.net,17,Gilmore-Gibbs
Erica Nelson,Gavin Ortiz,95745 Gutierrez Parkway,victorburton@nelson.org,48,Stuart LLC
Wendy Beasley,Robin Howard,175 Jones Flat Apt. 261,rpatterson@hotmail.com,37,Huff and Sons
Michael Ramirez,Kathryn Edwards,883 Justin Tunnel Apt. 142,timothybryant@zuniga.com,65,"Jackson, Bowers and Weber"
Mary Leon,Robert Torres,78185 Christina Mountain Apt. 904,lstone@velez-morgan.net,51,"Reyes, Hall and Miranda"
Nicholas Richardson,James Hall,7055 Leonard Forks,bcoleman@thomas-haynes.info,13,"Cruz, Obrien and Duarte"
Logan Kelly,Tiffany White,26017 Donovan Square Apt. 819,bhernandez@hotmail.com,32,Pittman-Garrett
Matthew Rodriguez,Christopher Dorsey,46555 Tiffany Field,melaniejackson@hotmail.com,21,Harris-Davenport
Bradley Walton,Michael Reeves,1925 Sandra Forest,michael30@hotmail.com,57,"Gonzales, Petty and Gonzalez"
Ashley Cooper,Jennifer Myers,4032 Walton Gateway,ljohnson@hopkins.biz,26,"Duncan, Hamilton and Reed"
Christine Romero,James Sims,3035 Karl Vista Apt. 564,pphillips@yahoo.com,95,"Nash, Banks and Kennedy"
Julie Young,Dr. Michele Palmer,989 Matthew Ways,leecatherine@hotmail.com,64,Santiago-Davis
Jennifer Lewis,Darryl Johnson,17122 Michael Island Apt. 285,tracygaines@salas.info,20,Gaines-Gomez
Christopher Hernandez,Mrs. Mary Melton,457 Jacqueline Flats Apt. 414,uwang@gmail.com,85,Thomas and Sons
Amanda Hamilton,Howard Jordan,40787 Hampton Summit Apt. 415,clarktroy@james.com,94,Lopez-Williams
Zachary Higgins,Amanda Martinez,7719 Corey Neck,russelljennifer@yahoo.com,72,Curtis and Sons
Mary Lynch,Desiree Joseph,9184 Makayla Meadow,joshua01@smith.net,85,Wright-Davis
Daniel Wright,Steven Ross,538 Courtney Estate Apt. 571,christopher11@yahoo.com,22,"Morris, Giles and Gonzales"
Jeffrey Duran,Amanda Washington,51605 Greene Parkways Apt. 000,kmiller@vargas.com,78,"Clark, Richardson and Diaz"
William Lee,Jennifer Hancock,1213 Diana Divide,lisaroman@wyatt-allen.com,27,Jones-Patel
Barry Collins,Derek Reilly,663 Cole Passage Suite 755,nkelly@lee.info,10,"Mcbride, Gonzalez and Jones"
William Strickland,Michelle Escobar,28048 Robert Plaza,aaron20@gonzales-thompson.com,51,Soto Ltd
Alexis Ross,Joseph Campbell,975 Davis Place Apt. 113,kristenbeck@hotmail.com,76,Ewing PLC
Paul Smith,Jessica Campbell,71177 Mark Course Apt. 469,cobbemily@powers.org,75,"Sherman, Davies and Page"
Nicole Bates,Matthew Campbell,95636 Jennifer Garden Suite 589,asandoval@washington-russell.com,15,Massey LLC
Alexandra Garcia,Amber Little,0134 Walton Walk,jramos@hotmail.com,14,"Newton, Ross and Nixon"
Douglas Peterson,Tracey Fox,03809 Porter Ports,andrewparker@lopez.com,80,Sandoval LLC
Tim Macias,Suzanne Webb,9160 Natalie Hill Suite 208,ramirezjames@gmail.com,74,Anderson-Riley
Sharon Ford,Kristen Schmidt,59089 Richards Lock Suite 706,tammybonilla@rowe.com,63,Valentine-Harmon
Jenna Massey,Jennifer Carter,69597 Jeremiah Lodge Apt. 567,aolsen@gmail.com,22,Patterson-Baxter
Andrew Barton,Jeanette Sullivan,33653 Smith Pines,kimberlymiller@hotmail.com,24,"Flores, Kelley and Clark"
Lance Wilkerson,Jeffrey Gordon,1751 Kyle Field Suite 663,zimmermanbrett@webb.com,27,Long-Alvarado
Andrea Dean,Kent Meza,248 Nichole Ridge,hendersonjennifer@hotmail.com,12,Mitchell LLC
